t0_x,t0_y,theta_par,theta_perp,v_x,v_y,likelihood,est_flux,field_num,times
1940.0,233.0,0.0,0.0,-10.898,-21.383,49.473,1.79226935296e+12,19.0,[ 0.         0.0675857  0.1530145  0.2217388  0.2687512]
1926.0,1173.0,0.0,0.0,24.0,0.0,49.473,1.79226935296e+12,19.0,[ 0.         0.0675857  0.1530145  0.2217388  0.2687512]
1900.0,1846.0,0.0,0.0,2.51,23.868,49.473,1.79226935296e+12,19.0,[ 0.         0.0675857  0.1530145  0.2217388  0.2687512]
1824.0,2908.0,0.0,0.0,47.173,15.327,49.473,1.79226935296e+12,19.0,[ 0.         0.0675857  0.1530145  0.2217388  0.2687512]
1939.0,3451.0,0.0,0.0,-23.868,2.511,49.473,1.79226935296e+12,19.0,[ 0.         0.0675857  0.1530145  0.2217388  0.2687512]
14.0,252.0,0.0,0.0,24.0,0.0,34.982,8.9613467648e+11,19.0,[ 0.         0.0675857  0.1530145  0.2217388  0.2687512]
13.0,3433.0,0.0,0.0,24.0,0.0,16.511,1.9962404864e+11,19.0,[ 0.         0.0675857  0.1530145  0.2217388  0.2687512]
