t0_x,t0_y,theta_par,theta_perp,v_x,v_y,likelihood,est_flux,field_num,times
1936.0,2617.0,0.0,0.0,-0.032,-228.8,6.025,297.53,19.0,[ 0.         0.0675857  0.1530145  0.2217388  0.2687512]
