t0_x,t0_y,theta_par,theta_perp,v_x,v_y,likelihood,est_flux,field_num,times
1852.0,549.0,0.0,0.0,167.866,135.93,12.781,713.556,15.0,[ 0.         0.0677162  0.1531573  0.2217928]
