t0_x,t0_y,theta_par,theta_perp,v_x,v_y,likelihood,est_flux,field_num,times
1837.0,553.0,0.0,0.0,277.295,307.952,8.108,438.61,12.0,[ 0.         0.0678454  0.1531236  0.2217624]
973.0,524.0,0.0,0.0,-492.977,104.83,5.343,277.06,12.0,[ 0.         0.0678454  0.1531236  0.2217624]
