t0_x,t0_y,theta_par,theta_perp,v_x,v_y,likelihood,est_flux,field_num,times
1908.0,627.0,0.0,0.0,18.284,-86.08,18.036,3072.095,11.0,[ 0.         0.0679206  0.1531383  0.2217876]
1229.0,493.0,0.0,0.0,138.438,14.55,5.393,430.832,11.0,[ 0.         0.0679206  0.1531383  0.2217876]
