t0_x,t0_y,theta_par,theta_perp,v_x,v_y,likelihood,est_flux,field_num,times
57.0,2135.0,0.0,0.0,-64.228,24.661,7.888,1322.406,13.0,[ 0.         0.0678021  0.1531256  0.2217598]
485.0,869.0,0.0,0.0,-357.507,-441.376,5.36,321.63,13.0,[ 0.         0.0678021  0.1531256  0.2217598]
1631.0,575.0,0.0,0.0,466.276,207.593,5.181,279.994,13.0,[ 0.         0.0678021  0.1531256  0.2217598]
