t0_x,t0_y,theta_par,theta_perp,v_x,v_y,likelihood,est_flux,field_num,times
1866.0,532.0,0.0,0.0,185.24,363.525,18.531,1118.019,16.0,[ 0.         0.0676443  0.1530828  0.2217263]
