t0_x,t0_y,theta_par,theta_perp,v_x,v_y,likelihood,est_flux,field_num,times
1855.0,546.0,0.0,0.0,196.354,242.464,20.027,1572.714,14.0,[ 0.         0.0677392  0.1531196  0.2217642]
904.0,2269.0,0.0,0.0,150.129,23.777,7.931,11024.768,14.0,[ 0.         0.0677392  0.1531196  0.2217642]
1110.0,1462.0,0.0,0.0,-177.827,-143.968,7.528,785.689,14.0,[ 0.         0.0677392  0.1531196  0.2217642]
1044.0,1895.0,0.0,0.0,30.542,-30.552,6.929,10886.868,14.0,[ 0.         0.0677392  0.1531196  0.2217642]
170.0,2191.0,0.0,0.0,131.553,-202.643,6.591,800.221,14.0,[ 0.         0.0677392  0.1531196  0.2217642]
1682.0,2318.0,0.0,0.0,141.654,277.989,6.182,380.376,14.0,[ 0.         0.0677392  0.1531196  0.2217642]
1780.0,2633.0,0.0,0.0,-561.016,-88.8,5.829,307.759,14.0,[ 0.         0.0677392  0.1531196  0.2217642]
223.0,2094.0,0.0,0.0,-220.069,431.973,5.813,565.369,14.0,[ 0.         0.0677392  0.1531196  0.2217642]
295.0,1095.0,0.0,0.0,-167.582,515.862,5.165,389.076,14.0,[ 0.         0.0677392  0.1531196  0.2217642]
