t0_x,t0_y,theta_par,theta_perp,v_x,v_y,likelihood,est_flux,field_num,times
715.0,3837.0,0.0,0.0,40.789,-70.674,5.713,342.847,28.0,[ 0.         0.0675233  0.1531357  0.2217771  0.2689197]
