t0_x,t0_y,theta_par,theta_perp,v_x,v_y,likelihood,est_flux,field_num,times
1938.0,485.0,0.0,0.0,-17.837,-16.057,49.473,1.79226935296e+12,28.0,[ 0.         0.0675233  0.1531357  0.2217771  0.2689197]
1947.0,900.0,0.0,0.0,24.0,0.0,49.473,1.79226935296e+12,28.0,[ 0.         0.0675233  0.1531357  0.2217771  0.2689197]
1912.0,3875.0,0.0,0.0,21.925,9.761,49.473,1.79226935296e+12,28.0,[ 0.         0.0675233  0.1531357  0.2217771  0.2689197]
1879.0,2065.0,0.0,0.0,-21.383,10.897,34.982,8.9613467648e+11,28.0,[ 0.         0.0675233  0.1531357  0.2217771  0.2689197]
43.0,1708.0,0.0,0.0,21.925,9.761,15.662,1.79618086912e+11,28.0,[ 0.         0.0675233  0.1531357  0.2217771  0.2689197]
1939.0,1571.0,0.0,0.0,-29.735,6.323,11.675,99812032512.0,28.0,[ 0.         0.0675233  0.1531357  0.2217771  0.2689197]
1620.0,970.0,0.0,0.0,-520.329,54.736,5.285,286.827,28.0,[ 0.         0.0675233  0.1531357  0.2217771  0.2689197]
715.0,3837.0,0.0,0.0,40.789,-70.674,5.125,307.505,28.0,[ 0.         0.0675233  0.1531357  0.2217771  0.2689197]
