t0_x,t0_y,theta_par,theta_perp,v_x,v_y,likelihood,est_flux,field_num,times
1827.0,1947.0,0.0,0.0,-36.233,-23.524,8.165,540.785,20.0,[ 0.         0.0675987  0.1530601  0.22181    0.2688016]
405.0,2251.0,0.0,0.0,127.079,-249.501,6.928,336.393,20.0,[ 0.         0.0675987  0.1530601  0.22181    0.2688016]
975.0,2255.0,0.0,0.0,-24.432,-464.959,5.123,241.745,20.0,[ 0.         0.0675987  0.1530601  0.22181    0.2688016]
617.0,2611.0,0.0,0.0,-12.835,47.911,5.088,193.599,20.0,[ 0.         0.0675987  0.1530601  0.22181    0.2688016]
