t0_x,t0_y,theta_par,theta_perp,v_x,v_y,likelihood,est_flux,field_num,times
1892.0,879.0,0.0,0.0,-10.898,-21.383,49.473,1.79226935296e+12,26.0,[ 0.         0.0675981  0.1532086  0.2218388  0.2688532]
38.0,2152.0,0.0,0.0,21.925,9.761,49.473,1.79226935296e+12,26.0,[ 0.         0.0675981  0.1532086  0.2218388  0.2688532]
73.0,3677.0,0.0,0.0,-9.76,21.926,49.473,1.79226935296e+12,26.0,[ 0.         0.0675981  0.1532086  0.2218388  0.2688532]
1932.0,3872.0,0.0,0.0,24.0,0.0,49.473,1.79226935296e+12,26.0,[ 0.         0.0675981  0.1532086  0.2218388  0.2688532]
