t0_x,t0_y,theta_par,theta_perp,v_x,v_y,likelihood,est_flux,field_num,times
1801.0,344.0,0.0,0.0,10.896,21.384,49.473,1.79226935296e+12,29.0,[ 0.         0.0675193  0.1531131  0.2217604  0.2689549]
1663.0,1667.0,0.0,0.0,21.925,9.761,49.473,1.79226935296e+12,29.0,[ 0.         0.0675193  0.1531131  0.2217604  0.2689549]
1846.0,3101.0,0.0,0.0,24.0,0.0,49.473,1.79226935296e+12,29.0,[ 0.         0.0675193  0.1531131  0.2217604  0.2689549]
