t0_x,t0_y,theta_par,theta_perp,v_x,v_y,likelihood,est_flux,field_num,times
1959.0,1062.0,0.0,0.0,-17.837,-16.057,49.473,1.79226935296e+12,22.0,[ 0.         0.067602   0.1530521  0.2218203  0.2688128]
1840.0,1482.0,0.0,0.0,2.51,23.868,49.473,1.79226935296e+12,22.0,[ 0.         0.067602   0.1530521  0.2218203  0.2688128]
1268.0,2533.0,0.0,0.0,24.0,0.0,49.473,1.79226935296e+12,22.0,[ 0.         0.067602   0.1530521  0.2218203  0.2688128]
28.0,2555.0,0.0,0.0,24.0,0.0,49.473,1.79226935296e+12,22.0,[ 0.         0.067602   0.1530521  0.2218203  0.2688128]
1890.0,1808.0,0.0,0.0,-23.868,2.511,34.982,8.9613467648e+11,22.0,[ 0.         0.067602   0.1530521  0.2218203  0.2688128]
463.0,3444.0,0.0,0.0,100.662,5.275,7.673,849.384,22.0,[ 0.         0.067602   0.1530521  0.2218203  0.2688128]
