t0_x,t0_y,theta_par,theta_perp,v_x,v_y,likelihood,est_flux,field_num,times
1951.0,2721.0,0.0,0.0,-2.512,-23.868,49.473,1.79226935296e+12,23.0,[ 0.         0.0675994  0.1531014  0.2218213  0.2688278]
1958.0,3016.0,0.0,0.0,24.0,0.0,49.473,1.79226935296e+12,23.0,[ 0.         0.0675994  0.1531014  0.2218213  0.2688278]
17.0,3237.0,0.0,0.0,10.896,21.384,49.473,1.79226935296e+12,23.0,[ 0.         0.0675994  0.1531014  0.2218213  0.2688278]
