t0_x,t0_y,theta_par,theta_perp,v_x,v_y,likelihood,est_flux,field_num,times
13.0,130.0,0.0,0.0,13.072,20.128,49.473,1.79226935296e+12,27.0,[ 0.         0.0675336  0.1531394  0.2217816  0.2688571]
1839.0,521.0,0.0,0.0,18.652,15.103,49.473,1.79226935296e+12,27.0,[ 0.         0.0675336  0.1531394  0.2217816  0.2688571]
1831.0,1680.0,0.0,0.0,-21.926,-9.759,49.473,1.79226935296e+12,27.0,[ 0.         0.0675336  0.1531394  0.2217816  0.2688571]
1932.0,2606.0,0.0,0.0,24.0,0.0,49.473,1.79226935296e+12,27.0,[ 0.         0.0675336  0.1531394  0.2217816  0.2688571]
1924.0,2885.0,0.0,0.0,-21.926,-9.759,49.473,1.79226935296e+12,27.0,[ 0.         0.0675336  0.1531394  0.2217816  0.2688571]
514.0,3261.0,0.0,0.0,-10.898,-21.383,49.473,1.79226935296e+12,27.0,[ 0.         0.0675336  0.1531394  0.2217816  0.2688571]
1918.0,3323.0,0.0,0.0,17.836,16.059,49.473,1.79226935296e+12,27.0,[ 0.         0.0675336  0.1531394  0.2217816  0.2688571]
661.0,3381.0,0.0,0.0,-21.926,-9.759,49.473,1.79226935296e+12,27.0,[ 0.         0.0675336  0.1531394  0.2217816  0.2688571]
1840.0,3947.0,0.0,0.0,21.925,9.761,49.473,1.79226935296e+12,27.0,[ 0.         0.0675336  0.1531394  0.2217816  0.2688571]
