t0_x,t0_y,theta_par,theta_perp,v_x,v_y,likelihood,est_flux,field_num,times
1560.0,600.0,0.0,0.0,-205.543,403.46,5.193,264.597,35.0,[ 0.         0.0675128  0.153394   0.2220305  0.2690127]
