t0_x,t0_y,theta_par,theta_perp,v_x,v_y,likelihood,est_flux,field_num,times
893.0,3318.0,0.0,0.0,-189.763,494.435,15.068,1063.206,39.0,[ 0.         0.0674098  0.1533222  0.2221441  0.2691402]
547.0,3029.0,0.0,0.0,290.874,129.501,10.32,459.658,39.0,[ 0.         0.0674098  0.1533222  0.2221441  0.2691402]
596.0,3206.0,0.0,0.0,114.024,-536.824,9.852,414.366,39.0,[ 0.         0.0674098  0.1533222  0.2221441  0.2691402]
753.0,3029.0,0.0,0.0,-474.452,127.172,9.56,401.067,39.0,[ 0.         0.0674098  0.1533222  0.2221441  0.2691402]
69.0,3677.0,0.0,0.0,-148.486,386.884,7.363,354.561,39.0,[ 0.         0.0674098  0.1533222  0.2221441  0.2691402]
128.0,3976.0,0.0,0.0,-79.134,-295.177,6.521,267.325,39.0,[ 0.         0.0674098  0.1533222  0.2221441  0.2691402]
