t0_x,t0_y,theta_par,theta_perp,v_x,v_y,likelihood,est_flux,field_num,times
1855.0,728.0,0.0,0.0,-10.898,-21.383,49.473,1.79226935296e+12,30.0,[ 0.         0.0675196  0.1531469  0.2217531  0.2690153]
1854.0,1232.0,0.0,0.0,2.51,23.868,49.473,1.79226935296e+12,30.0,[ 0.         0.0675196  0.1531469  0.2217531  0.2690153]
1954.0,1248.0,0.0,0.0,-13.074,-20.126,49.473,1.79226935296e+12,30.0,[ 0.         0.0675196  0.1531469  0.2217531  0.2690153]
1864.0,3142.0,0.0,0.0,24.0,0.0,49.473,1.79226935296e+12,30.0,[ 0.         0.0675196  0.1531469  0.2217531  0.2690153]
15.0,3258.0,0.0,0.0,20.128,13.071,49.473,1.79226935296e+12,30.0,[ 0.         0.0675196  0.1531469  0.2217531  0.2690153]
1805.0,2258.0,0.0,0.0,26.022,26.021,5.416,510.642,30.0,[ 0.         0.0675196  0.1531469  0.2217531  0.2690153]
