t0_x,t0_y,theta_par,theta_perp,v_x,v_y,likelihood,est_flux,field_num,times
1283.0,2749.0,0.0,0.0,204.45,-227.138,5.11,237.341,34.0,[ 0.         0.0675127  0.1533404  0.2219752  0.2690133]
