t0_x,t0_y,theta_par,theta_perp,v_x,v_y,likelihood,est_flux,field_num,times
28.0,872.0,0.0,0.0,24.0,0.0,49.473,1.79226935296e+12,32.0,[ 0.         0.0675119  0.1532278  0.2218659  0.26901  ]
1748.0,993.0,0.0,0.0,-21.926,-9.759,49.473,1.79226935296e+12,32.0,[ 0.         0.0675119  0.1532278  0.2218659  0.26901  ]
1876.0,1021.0,0.0,0.0,24.0,0.0,49.473,1.79226935296e+12,32.0,[ 0.         0.0675119  0.1532278  0.2218659  0.26901  ]
29.0,1861.0,0.0,0.0,24.0,0.0,49.473,1.79226935296e+12,32.0,[ 0.         0.0675119  0.1532278  0.2218659  0.26901  ]
66.0,2386.0,0.0,0.0,-9.76,21.926,49.473,1.79226935296e+12,32.0,[ 0.         0.0675119  0.1532278  0.2218659  0.26901  ]
1877.0,2237.0,0.0,0.0,24.0,0.0,34.982,8.9613467648e+11,32.0,[ 0.         0.0675119  0.1532278  0.2218659  0.26901  ]
1877.0,717.0,0.0,0.0,24.0,0.0,16.511,1.9962404864e+11,32.0,[ 0.         0.0675119  0.1532278  0.2218659  0.26901  ]
