t0_x,t0_y,theta_par,theta_perp,v_x,v_y,likelihood,est_flux,field_num,times
1916.0,1191.0,0.0,0.0,-8.6,22.406,49.473,1.79226935296e+12,31.0,[ 0.         0.0674989  0.153165   0.2217948  0.2690098]
1925.0,1546.0,0.0,0.0,24.0,0.0,49.473,1.79226935296e+12,31.0,[ 0.         0.0674989  0.153165   0.2217948  0.2690098]
