t0_x,t0_y,theta_par,theta_perp,v_x,v_y,likelihood,est_flux,field_num,times
1952.0,200.0,0.0,0.0,24.0,0.0,49.473,1.79226935296e+12,33.0,[ 0.         0.0675119  0.1532848  0.2219305  0.2690119]
1853.0,1155.0,0.0,0.0,-21.926,-9.759,49.473,1.79226935296e+12,33.0,[ 0.         0.0675119  0.1532848  0.2219305  0.2690119]
1936.0,1716.0,0.0,0.0,24.0,0.0,49.473,1.79226935296e+12,33.0,[ 0.         0.0675119  0.1532848  0.2219305  0.2690119]
879.0,1987.0,0.0,0.0,10.896,21.384,49.473,1.79226935296e+12,33.0,[ 0.         0.0675119  0.1532848  0.2219305  0.2690119]
1937.0,2907.0,0.0,0.0,22.406,8.601,49.473,1.79226935296e+12,33.0,[ 0.         0.0675119  0.1532848  0.2219305  0.2690119]
1860.0,3623.0,0.0,0.0,-13.074,-20.126,49.473,1.79226935296e+12,33.0,[ 0.         0.0675119  0.1532848  0.2219305  0.2690119]
