t0_x,t0_y,theta_par,theta_perp,v_x,v_y,likelihood,est_flux,field_num,times
646.0,870.0,0.0,0.0,-27.604,129.899,6.011,245.646,33.0,[ 0.         0.0675119  0.1532848  0.2219305  0.2690119]
