t0_x,t0_y,theta_par,theta_perp,v_x,v_y,likelihood,est_flux,field_num,times
1872.0,554.0,0.0,0.0,207.046,207.036,13.551,1096.669,37.0,[ 0.         0.0674173  0.1533126  0.222032   0.269017 ]
