t0_x,t0_y,theta_par,theta_perp,v_x,v_y,likelihood,est_flux,field_num,times
1915.0,146.0,0.0,0.0,-10.898,-21.383,49.473,1.79226935296e+12,34.0,[ 0.         0.0675127  0.1533404  0.2219752  0.2690133]
1866.0,603.0,0.0,0.0,24.0,0.0,49.473,1.79226935296e+12,34.0,[ 0.         0.0675127  0.1533404  0.2219752  0.2690133]
47.0,858.0,0.0,0.0,28.912,9.394,49.473,1.79226935296e+12,34.0,[ 0.         0.0675127  0.1533404  0.2219752  0.2690133]
1958.0,1045.0,0.0,0.0,24.0,0.0,49.473,1.79226935296e+12,34.0,[ 0.         0.0675127  0.1533404  0.2219752  0.2690133]
1593.0,1408.0,0.0,0.0,16.056,-17.838,49.473,1.79226935296e+12,34.0,[ 0.         0.0675127  0.1533404  0.2219752  0.2690133]
1858.0,2041.0,0.0,0.0,-10.898,-21.383,49.473,1.79226935296e+12,34.0,[ 0.         0.0675127  0.1533404  0.2219752  0.2690133]
17.0,2935.0,0.0,0.0,22.406,8.601,49.473,1.79226935296e+12,34.0,[ 0.         0.0675127  0.1533404  0.2219752  0.2690133]
1915.0,3103.0,0.0,0.0,21.925,9.761,49.473,1.79226935296e+12,34.0,[ 0.         0.0675127  0.1533404  0.2219752  0.2690133]
1908.0,3696.0,0.0,0.0,-17.837,-16.057,49.473,1.79226935296e+12,34.0,[ 0.         0.0675127  0.1533404  0.2219752  0.2690133]
