t0_x,t0_y,theta_par,theta_perp,v_x,v_y,likelihood,est_flux,field_num,times
1872.0,552.0,0.0,0.0,204.492,227.1,13.315,1064.206,43.0,[ 0.         0.0674464  0.1533798  0.2223178]
920.0,3397.0,0.0,0.0,-367.579,-38.598,10.463,450.734,43.0,[ 0.         0.0674464  0.1533798  0.2223178]
783.0,3566.0,0.0,0.0,-351.871,284.982,5.405,229.573,43.0,[ 0.         0.0674464  0.1533798  0.2223178]
