t0_x,t0_y,theta_par,theta_perp,v_x,v_y,likelihood,est_flux,field_num,times
1868.0,568.0,0.0,0.0,259.366,-27.308,8.698,400.354,46.0,[ 0.         0.0674032  0.0849228  0.1534414  0.2223349  0.2692997]
65.0,3685.0,0.0,0.0,-127.847,333.109,7.379,339.553,46.0,[ 0.         0.0674032  0.0849228  0.1534414  0.2223349  0.2692997]
