t0_x,t0_y,theta_par,theta_perp,v_x,v_y,likelihood,est_flux,field_num,times
895.0,3320.0,0.0,0.0,-210.174,472.133,15.927,1138.863,41.0,[ 0.         0.0674151  0.1533659  0.2222187  0.269146 ]
1020.0,3633.0,0.0,0.0,302.817,98.388,10.019,442.761,41.0,[ 0.         0.0674151  0.1533659  0.2222187  0.269146 ]
