t0_x,t0_y,theta_par,theta_perp,v_x,v_y,likelihood,est_flux,field_num,times
1869.0,547.0,0.0,0.0,240.66,297.174,12.392,899.946,42.0,[ 0.         0.0674381  0.1533684  0.2222986  0.2691589]
502.0,2962.0,0.0,0.0,461.321,373.555,10.396,515.986,42.0,[ 0.         0.0674381  0.1533684  0.2222986  0.2691589]
