t0_x,t0_y,theta_par,theta_perp,v_x,v_y,likelihood,est_flux,field_num,times
1032.0,3605.0,0.0,0.0,104.807,492.982,12.399,737.444,49.0,[ 0.         0.0849055  0.1535226  0.2225165  0.2693767]
1885.0,591.0,0.0,0.0,-0.051,-363.2,10.087,544.011,49.0,[ 0.         0.0849055  0.1535226  0.2225165  0.2693767]
