t0_x,t0_y,theta_par,theta_perp,v_x,v_y,likelihood,est_flux,field_num,times
781.0,3361.0,0.0,0.0,536.251,205.841,12.098,609.106,48.0,[ 0.         0.084914   0.1534641  0.2224485  0.2693205]
1885.0,573.0,0.0,0.0,4.927,-94.271,11.63,807.528,48.0,[ 0.         0.084914   0.1534641  0.2224485  0.2693205]
