t0_x,t0_y,theta_par,theta_perp,v_x,v_y,likelihood,est_flux,field_num,times
1870.0,549.0,0.0,0.0,224.549,277.28,12.446,904.73,44.0,[ 0.         0.0674556  0.1534384  0.2223245  0.2692793]
793.0,3396.0,0.0,0.0,458.566,-24.117,10.679,503.531,44.0,[ 0.         0.0674556  0.1534384  0.2223245  0.2692793]
661.0,3232.0,0.0,0.0,286.799,-165.649,10.536,519.26,44.0,[ 0.         0.0674556  0.1534384  0.2223245  0.2692793]
