t0_x,t0_y,theta_par,theta_perp,v_x,v_y,likelihood,est_flux,field_num,times
1058.0,3604.0,0.0,0.0,-266.552,523.215,9.924,438.865,45.0,[ 0.         0.0674574  0.0849695  0.1534958  0.2223312  0.2693497]
1909.0,1011.0,0.0,0.0,-415.261,-415.165,5.664,386.783,45.0,[ 0.         0.0674574  0.0849695  0.1534958  0.2223312  0.2693497]
