t0_x,t0_y,theta_par,theta_perp,v_x,v_y,likelihood,est_flux,field_num,times
515.0,2963.0,0.0,0.0,412.602,371.492,10.468,519.286,40.0,[ 0.         0.0674054  0.1533105  0.2221775  0.2691429]
1911.0,778.0,0.0,0.0,-24.432,-464.959,7.396,316.043,40.0,[ 0.         0.0674054  0.1533105  0.2221775  0.2691429]
1795.0,733.0,0.0,0.0,412.872,-300.075,5.189,239.59,40.0,[ 0.         0.0674054  0.1533105  0.2221775  0.2691429]
