t0_x,t0_y,theta_par,theta_perp,v_x,v_y,likelihood,est_flux,field_num,times
899.0,3337.0,0.0,0.0,-236.132,363.663,15.869,1136.398,50.0,[ 0.         0.0849007  0.153572   0.2225515  0.2694271]
1034.0,3656.0,0.0,0.0,90.439,-278.483,13.224,852.883,50.0,[ 0.         0.0849007  0.153572   0.2225515  0.2694271]
1915.0,982.0,0.0,0.0,-444.192,-288.392,5.169,289.962,50.0,[ 0.         0.0849007  0.153572   0.2225515  0.2694271]
