t0_x,t0_y,theta_par,theta_perp,v_x,v_y,likelihood,est_flux,field_num,times
1896.0,535.0,0.0,0.0,27.272,259.37,18.744,1087.341,5.0,[ 0.         0.0680476  0.1532052  0.2218423]
1442.0,3065.0,0.0,0.0,112.613,-57.404,5.287,513.599,5.0,[ 0.         0.0680476  0.1532052  0.2218423]
1912.0,1468.0,0.0,0.0,246.171,-483.32,5.014,337.067,5.0,[ 0.         0.0680476  0.1532052  0.2218423]
