t0_x,t0_y,theta_par,theta_perp,v_x,v_y,likelihood,est_flux,field_num,times
1862.0,592.0,0.0,0.0,170.262,17.895,13.95,925.894,6.0,[ 0.         0.0680424  0.153202   0.2218343]
116.0,1727.0,0.0,0.0,-258.102,-69.131,7.262,1523.82,6.0,[ 0.         0.0680424  0.153202   0.2218343]
1094.0,3027.0,0.0,0.0,31.152,95.865,7.005,630.057,6.0,[ 0.         0.0680424  0.153202   0.2218343]
1176.0,3467.0,0.0,0.0,411.96,267.52,5.829,438.579,6.0,[ 0.         0.0680424  0.153202   0.2218343]
