t0_x,t0_y,theta_par,theta_perp,v_x,v_y,likelihood,est_flux,field_num,times
1906.0,561.0,0.0,0.0,-88.872,-98.679,15.645,1276.255,7.0,[ 0.         0.0680436  0.1531981  0.2218373]
1494.0,3061.0,0.0,0.0,25.204,-77.61,9.356,4030.868,7.0,[ 0.         0.0680436  0.1531981  0.2218373]
290.0,873.0,0.0,0.0,202.922,10.634,5.753,364.311,7.0,[ 0.         0.0680436  0.1531981  0.2218373]
1220.0,879.0,0.0,0.0,157.74,485.413,5.355,735.552,7.0,[ 0.         0.0680436  0.1531981  0.2218373]
960.0,2107.0,0.0,0.0,-46.199,103.781,5.303,597.004,7.0,[ 0.         0.0680436  0.1531981  0.2218373]
688.0,2054.0,0.0,0.0,169.649,86.437,5.051,1554.949,7.0,[ 0.         0.0680436  0.1531981  0.2218373]
