t0_x,t0_y,theta_par,theta_perp,v_x,v_y,likelihood,est_flux,field_num,times
1909.0,601.0,0.0,0.0,-45.314,-20.169,13.17,2005.97,8.0,[ 0.         0.0680617  0.153209   0.221854 ]
1402.0,2763.0,0.0,0.0,148.45,-386.898,5.012,270.744,8.0,[ 0.         0.0680617  0.153209   0.221854 ]
