t0_x,t0_y,theta_par,theta_perp,v_x,v_y,likelihood,est_flux,field_num,times
918.0,3387.0,0.0,0.0,-354.842,37.328,14.231,895.598,13.0,[ 0.         0.0678021  0.1531256  0.2217598]
1028.0,3670.0,0.0,0.0,175.962,-458.601,13.183,837.006,13.0,[ 0.         0.0678021  0.1531256  0.2217598]
660.0,3225.0,0.0,0.0,290.85,-129.555,10.353,501.206,13.0,[ 0.         0.0678021  0.1531256  0.2217598]
635.0,3005.0,0.0,0.0,-33.779,213.342,9.861,414.679,13.0,[ 0.         0.0678021  0.1531256  0.2217598]
1788.0,720.0,0.0,0.0,436.434,-252.074,8.465,414.333,13.0,[ 0.         0.0678021  0.1531256  0.2217598]
