t0_x,t0_y,theta_par,theta_perp,v_x,v_y,likelihood,est_flux,field_num,times
1034.0,3663.0,0.0,0.0,116.137,-357.614,18.044,1757.982,12.0,[ 0.         0.0678454  0.1531236  0.2217624]
510.0,3146.0,0.0,0.0,433.581,-315.125,9.961,419.468,12.0,[ 0.         0.0678454  0.1531236  0.2217624]
