t0_x,t0_y,theta_par,theta_perp,v_x,v_y,likelihood,est_flux,field_num,times
1040.0,3667.0,0.0,0.0,-0.06,-433.6,10.196,497.888,14.0,[ 0.         0.0677392  0.1531196  0.2217642]
1916.0,999.0,0.0,0.0,-446.433,-361.431,6.94,533.891,14.0,[ 0.         0.0677392  0.1531196  0.2217642]
1711.0,988.0,0.0,0.0,481.68,-312.922,6.221,428.6,14.0,[ 0.         0.0677392  0.1531196  0.2217642]
