t0_x,t0_y,theta_par,theta_perp,v_x,v_y,likelihood,est_flux,field_num,times
799.0,3395.0,0.0,0.0,420.219,-22.1,11.781,567.136,10.0,[ 0.         0.067934   0.1530866  0.2217269]
568.0,3021.0,0.0,0.0,216.172,157.052,11.716,607.146,10.0,[ 0.         0.067934   0.1530866  0.2217269]
732.0,2985.0,0.0,0.0,-397.368,288.75,9.622,403.845,10.0,[ 0.         0.067934   0.1530866  0.2217269]
