t0_x,t0_y,theta_par,theta_perp,v_x,v_y,likelihood,est_flux,field_num,times
647.0,2924.0,0.0,0.0,-81.82,516.763,10.154,430.023,11.0,[ 0.         0.0679206  0.1531383  0.2217876]
121.0,3734.0,0.0,0.0,-477.742,25.081,7.704,407.355,11.0,[ 0.         0.0679206  0.1531383  0.2217876]
20.0,3652.0,0.0,0.0,181.475,558.454,7.407,329.478,11.0,[ 0.         0.0679206  0.1531383  0.2217876]
