t0_x,t0_y,theta_par,theta_perp,v_x,v_y,likelihood,est_flux,field_num,times
729.0,3231.0,0.0,0.0,-24.8,-156.447,8.647,361.619,15.0,[ 0.         0.0677162  0.1531573  0.2217928]
1910.0,1012.0,0.0,0.0,-419.787,-419.69,5.817,401.681,15.0,[ 0.         0.0677162  0.1531573  0.2217928]
