t0_x,t0_y,theta_par,theta_perp,v_x,v_y,likelihood,est_flux,field_num,times
814.0,3188.0,0.0,0.0,-405.761,42.684,9.191,384.805,2.0,[ 0.         0.0680697  0.153044   0.2217088]
36.0,3735.0,0.0,0.0,66.456,17.806,6.824,284.118,2.0,[ 0.         0.0680697  0.153044   0.2217088]
