t0_x,t0_y,theta_par,theta_perp,v_x,v_y,likelihood,est_flux,field_num,times
553.0,2990.0,0.0,0.0,274.93,274.917,11.248,554.954,3.0,[ 0.         0.0680669]
1905.0,545.0,0.0,0.0,-298.677,331.76,9.887,590.322,3.0,[ 0.         0.0680669]
749.0,3015.0,0.0,0.0,-458.56,176.068,9.823,430.243,3.0,[ 0.         0.0680669]
641.0,2907.0,0.0,0.0,-60.682,577.621,9.748,408.52,3.0,[ 0.         0.0680669]
1032.0,3634.0,0.0,0.0,115.009,66.398,9.495,420.502,3.0,[ 0.         0.0680669]
812.0,3247.0,0.0,0.0,-397.704,-229.557,9.064,379.061,3.0,[ 0.         0.0680669]
60.0,3688.0,0.0,0.0,-85.704,319.919,7.6,345.893,3.0,[ 0.         0.0680669]
