t0_x,t0_y,theta_par,theta_perp,v_x,v_y,likelihood,est_flux,field_num,times
896.0,3341.0,0.0,0.0,-218.706,336.824,15.368,1067.45,5.0,[ 0.         0.0680476  0.1532052  0.2218423]
1007.0,3625.0,0.0,0.0,483.816,215.402,9.255,388.511,5.0,[ 0.         0.0680476  0.1532052  0.2218423]
