t0_x,t0_y,theta_par,theta_perp,v_x,v_y,likelihood,est_flux,field_num,times
546.0,2991.0,0.0,0.0,298.453,268.716,11.56,569.98,7.0,[ 0.         0.0680436  0.1531981  0.2218373]
497.0,3155.0,0.0,0.0,480.174,-348.99,10.065,438.282,7.0,[ 0.         0.0680436  0.1531981  0.2218373]
