t0_x,t0_y,theta_par,theta_perp,v_x,v_y,likelihood,est_flux,field_num,times
813.0,3459.0,0.0,0.0,326.268,-449.218,12.906,809.293,9.0,[ 0.         0.068005   0.1531519  0.2217924]
680.0,2922.0,0.0,0.0,-201.23,524.31,9.502,398.762,9.0,[ 0.         0.068005   0.1531519  0.2217924]
697.0,3155.0,0.0,0.0,124.619,191.884,8.788,366.667,9.0,[ 0.         0.068005   0.1531519  0.2217924]
